{
  "project_info": {
    "project_number": "467944827281",
    "firebase_url": "https://class-bank.firebaseio.com",
    "project_id": "class-bank",
    "storage_bucket": "class-bank.appspot.com"
  },
  "client": [
    {
      "client_info": {
        "mobilesdk_app_id": "1:467944827281:android:b9d2ceaa440cf8ac9d1230",
        "android_client_info": {
          "package_name": "tem.apps.classbank.class_bank"
        }
      },
      "oauth_client": [
        {
          "client_id": "467944827281-9shbqhg1i22e1j0p8qtpukkadmovrt24.apps.googleusercontent.com",
          "client_type": 3
        }
      ],
      "api_key": [
        {
          "current_key": "AIzaSyAkhMdSTin33oAOrxPrKMKvbq8fpsEHqzs"
        }
      ],
      "services": {
        "appinvite_service": {
          "other_platform_oauth_client": [
            {
              "client_id": "467944827281-9shbqhg1i22e1j0p8qtpukkadmovrt24.apps.googleusercontent.com",
              "client_type": 3
            }
          ]
        }
      }
    }
  ],
  "configuration_version": "1"
}